driverRef_x,driverRef_y,connection
hill,lovely,constructor
hill,halford,constructor
lovely,halford,constructor
hill,ireland,constructor
hill,stacey,constructor
hill,piper,constructor
hill,dennis_taylor,constructor
stacey,piper,constructor
stacey,dennis_taylor,constructor
piper,dennis_taylor,constructor
hill,allison,constructor
allison,stacey,constructor
hill,bueb,constructor
allison,bueb,constructor
bonnier,schell,constructor
bonnier,flockhart,constructor
schell,flockhart,constructor
bonnier,moss,constructor
moss,schell,constructor
moss,flockhart,constructor
bonnier,herrmann,constructor
herrmann,schell,constructor
bonnier,scarlatti,constructor
bonnier,gould,constructor
bonnier,filippis,constructor
bonnier,testut,constructor
bonnier,godia,constructor
bonnier,kavanagh,constructor
bonnier,gerini,constructor
bonnier,taramazzo,constructor
bonnier,chiron,constructor
scarlatti,gould,constructor
scarlatti,filippis,constructor
scarlatti,testut,constructor
scarlatti,godia,constructor
scarlatti,kavanagh,constructor
scarlatti,gerini,constructor
scarlatti,taramazzo,constructor
scarlatti,chiron,constructor
gould,filippis,constructor
gould,testut,constructor
gould,godia,constructor
gould,kavanagh,constructor
gould,gerini,constructor
gould,taramazzo,constructor
gould,chiron,constructor
filippis,testut,constructor
filippis,godia,constructor
filippis,kavanagh,constructor
filippis,gerini,constructor
filippis,taramazzo,constructor
filippis,chiron,constructor
testut,godia,constructor
testut,kavanagh,constructor
testut,gerini,constructor
testut,taramazzo,constructor
testut,chiron,constructor
godia,kavanagh,constructor
godia,gerini,constructor
godia,taramazzo,constructor
godia,chiron,constructor
kavanagh,gerini,constructor
kavanagh,taramazzo,constructor
kavanagh,chiron,constructor
gerini,taramazzo,constructor
gerini,chiron,constructor
taramazzo,chiron,constructor
bonnier,gregory,constructor
gregory,scarlatti,constructor
gregory,gould,constructor
bonnier,trintignant,constructor
bonnier,seidel,constructor
gregory,trintignant,constructor
gregory,seidel,constructor
gregory,filippis,constructor
gregory,godia,constructor
trintignant,seidel,constructor
trintignant,filippis,constructor
trintignant,godia,constructor
seidel,filippis,constructor
seidel,godia,constructor
bonnier,phil_hill,constructor
bonnier,ruttman,constructor
bonnier,shelby,constructor
bonnier,fangio,constructor
phil_hill,ruttman,constructor
phil_hill,shelby,constructor
phil_hill,fangio,constructor
phil_hill,godia,constructor
phil_hill,gerini,constructor
ruttman,shelby,constructor
ruttman,fangio,constructor
ruttman,godia,constructor
ruttman,gerini,constructor
shelby,fangio,constructor
shelby,godia,constructor
shelby,gerini,constructor
fangio,godia,constructor
fangio,gerini,constructor
herrmann,ruttman,constructor
bonnier,allison,constructor
allison,filippis,constructor
allison,shelby,constructor
filippis,shelby,constructor
bonnier,behra,constructor
schell,behra,constructor
flockhart,behra,constructor
bonnier,menditeguy,constructor
bonnier,piotti,constructor
moss,menditeguy,constructor
moss,behra,constructor
moss,fangio,constructor
moss,piotti,constructor
menditeguy,schell,constructor
menditeguy,behra,constructor
menditeguy,fangio,constructor
menditeguy,piotti,constructor
schell,fangio,constructor
schell,piotti,constructor
behra,fangio,constructor
behra,piotti,constructor
fangio,piotti,constructor
bonnier,bueb,constructor
menditeguy,gould,constructor
menditeguy,bueb,constructor
schell,gould,constructor
schell,bueb,constructor
gould,bueb,constructor
gould,behra,constructor
gould,fangio,constructor
bueb,behra,constructor
bueb,fangio,constructor
bonnier,halford,constructor
gregory,schell,constructor
gregory,halford,constructor
gregory,behra,constructor
gregory,fangio,constructor
gregory,piotti,constructor
scarlatti,schell,constructor
scarlatti,halford,constructor
scarlatti,behra,constructor
scarlatti,fangio,constructor
scarlatti,piotti,constructor
schell,halford,constructor
schell,godia,constructor
halford,gould,constructor
halford,behra,constructor
halford,fangio,constructor
halford,godia,constructor
halford,piotti,constructor
gould,piotti,constructor
behra,godia,constructor
godia,piotti,constructor
bonnier,simon,constructor
bonnier,volonterio,constructor
gregory,simon,constructor
gregory,volonterio,constructor
scarlatti,simon,constructor
scarlatti,volonterio,constructor
schell,simon,constructor
schell,volonterio,constructor
halford,simon,constructor
halford,volonterio,constructor
gould,simon,constructor
gould,volonterio,constructor
behra,simon,constructor
behra,volonterio,constructor
fangio,simon,constructor
fangio,volonterio,constructor
godia,simon,constructor
godia,volonterio,constructor
piotti,simon,constructor
piotti,volonterio,constructor
simon,volonterio,constructor
bonnier,salvadori,constructor
bonnier,maglioli,constructor
bonnier,villoresi,constructor
bonnier,graffenried,constructor
salvadori,moss,constructor
salvadori,halford,constructor
salvadori,behra,constructor
salvadori,godia,constructor
salvadori,gerini,constructor
salvadori,piotti,constructor
salvadori,maglioli,constructor
salvadori,villoresi,constructor
salvadori,graffenried,constructor
moss,halford,constructor
moss,godia,constructor
moss,gerini,constructor
moss,maglioli,constructor
moss,villoresi,constructor
moss,graffenried,constructor
halford,gerini,constructor
halford,maglioli,constructor
halford,villoresi,constructor
halford,graffenried,constructor
behra,gerini,constructor
behra,maglioli,constructor
behra,villoresi,constructor
behra,graffenried,constructor
godia,maglioli,constructor
godia,villoresi,constructor
godia,graffenried,constructor
gerini,piotti,constructor
gerini,maglioli,constructor
gerini,villoresi,constructor
gerini,graffenried,constructor
piotti,maglioli,constructor
piotti,villoresi,constructor
piotti,graffenried,constructor
maglioli,villoresi,constructor
maglioli,graffenried,constructor
villoresi,graffenried,constructor
jack_brabham,mclaren,constructor
jack_brabham,bianchi,constructor
jack_brabham,gregory,constructor
jack_brabham,trintignant,constructor
jack_brabham,moss,constructor
jack_brabham,bueb,constructor
jack_brabham,Changy,constructor
jack_brabham,lucienbonnet,constructor
mclaren,bianchi,constructor
mclaren,gregory,constructor
mclaren,trintignant,constructor
mclaren,moss,constructor
mclaren,bueb,constructor
mclaren,Changy,constructor
mclaren,lucienbonnet,constructor
bianchi,gregory,constructor
bianchi,trintignant,constructor
bianchi,moss,constructor
bianchi,bueb,constructor
bianchi,Changy,constructor
bianchi,lucienbonnet,constructor
gregory,moss,constructor
gregory,bueb,constructor
gregory,Changy,constructor
gregory,lucienbonnet,constructor
trintignant,moss,constructor
trintignant,bueb,constructor
trintignant,Changy,constructor
trintignant,lucienbonnet,constructor
moss,bueb,constructor
moss,Changy,constructor
moss,lucienbonnet,constructor
bueb,Changy,constructor
bueb,lucienbonnet,constructor
Changy,lucienbonnet,constructor
jack_brabham,trevor_taylor,constructor
jack_brabham,parnell,constructor
jack_brabham,greene,constructor
jack_brabham,henry_taylor,constructor
jack_brabham,fairman,constructor
jack_brabham,mike_taylor,constructor
jack_brabham,ashdown,constructor
jack_brabham,bill_moss,constructor
mclaren,trevor_taylor,constructor
mclaren,parnell,constructor
mclaren,greene,constructor
mclaren,henry_taylor,constructor
mclaren,fairman,constructor
mclaren,mike_taylor,constructor
mclaren,ashdown,constructor
mclaren,bill_moss,constructor
trevor_taylor,gregory,constructor
trevor_taylor,trintignant,constructor
trevor_taylor,parnell,constructor
trevor_taylor,greene,constructor
trevor_taylor,henry_taylor,constructor
trevor_taylor,fairman,constructor
trevor_taylor,mike_taylor,constructor
trevor_taylor,ashdown,constructor
trevor_taylor,bill_moss,constructor
gregory,parnell,constructor
gregory,greene,constructor
gregory,henry_taylor,constructor
gregory,fairman,constructor
gregory,mike_taylor,constructor
gregory,ashdown,constructor
gregory,bill_moss,constructor
trintignant,parnell,constructor
trintignant,greene,constructor
trintignant,henry_taylor,constructor
trintignant,fairman,constructor
trintignant,mike_taylor,constructor
trintignant,ashdown,constructor
trintignant,bill_moss,constructor
parnell,greene,constructor
parnell,henry_taylor,constructor
parnell,fairman,constructor
parnell,mike_taylor,constructor
parnell,ashdown,constructor
parnell,bill_moss,constructor
greene,henry_taylor,constructor
greene,fairman,constructor
greene,mike_taylor,constructor
greene,ashdown,constructor
greene,bill_moss,constructor
henry_taylor,fairman,constructor
henry_taylor,mike_taylor,constructor
henry_taylor,ashdown,constructor
henry_taylor,bill_moss,constructor
fairman,mike_taylor,constructor
fairman,ashdown,constructor
fairman,bill_moss,constructor
mike_taylor,ashdown,constructor
mike_taylor,bill_moss,constructor
ashdown,bill_moss,constructor
jack_brabham,scarlatti,constructor
mclaren,scarlatti,constructor
trintignant,scarlatti,constructor
moss,scarlatti,constructor
jack_brabham,schell,constructor
mclaren,schell,constructor
trintignant,schell,constructor
jack_brabham,salvadori,constructor
jack_brabham,flockhart,constructor
trintignant,salvadori,constructor
trintignant,flockhart,constructor
salvadori,flockhart,constructor
jack_brabham,burgess,constructor
trintignant,burgess,constructor
burgess,salvadori,constructor
jack_brabham,seidel,constructor
jack_brabham,marsh,constructor
jack_brabham,naylor,constructor
jack_brabham,goethals,constructor
jack_brabham,gibson,constructor
mclaren,burgess,constructor
mclaren,seidel,constructor
mclaren,salvadori,constructor
mclaren,marsh,constructor
mclaren,naylor,constructor
mclaren,goethals,constructor
mclaren,gibson,constructor
trintignant,marsh,constructor
trintignant,naylor,constructor
trintignant,goethals,constructor
trintignant,gibson,constructor
burgess,seidel,constructor
burgess,marsh,constructor
burgess,naylor,constructor
burgess,goethals,constructor
burgess,gibson,constructor
seidel,salvadori,constructor
seidel,marsh,constructor
seidel,naylor,constructor
seidel,goethals,constructor
seidel,gibson,constructor
salvadori,marsh,constructor
salvadori,naylor,constructor
salvadori,goethals,constructor
salvadori,gibson,constructor
marsh,naylor,constructor
marsh,goethals,constructor
marsh,gibson,constructor
naylor,goethals,constructor
naylor,gibson,constructor
goethals,gibson,constructor
jack_brabham,la_caze,constructor
jack_brabham,guelfi,constructor
jack_brabham,picard,constructor
jack_brabham,bridger,constructor
mclaren,la_caze,constructor
mclaren,guelfi,constructor
mclaren,picard,constructor
mclaren,bridger,constructor
trintignant,la_caze,constructor
trintignant,guelfi,constructor
trintignant,picard,constructor
trintignant,bridger,constructor
seidel,fairman,constructor
seidel,la_caze,constructor
seidel,guelfi,constructor
seidel,picard,constructor
seidel,bridger,constructor
salvadori,fairman,constructor
salvadori,la_caze,constructor
salvadori,guelfi,constructor
salvadori,picard,constructor
salvadori,bridger,constructor
fairman,la_caze,constructor
fairman,guelfi,constructor
fairman,picard,constructor
fairman,bridger,constructor
la_caze,guelfi,constructor
la_caze,picard,constructor
la_caze,bridger,constructor
guelfi,picard,constructor
guelfi,bridger,constructor
picard,bridger,constructor
jack_brabham,leston,constructor
jack_brabham,macdowel,constructor
jack_brabham,gerard,constructor
salvadori,gerard,constructor
jack_brabham,england,constructor
salvadori,england,constructor
marsh,england,constructor
naylor,england,constructor
gibson,england,constructor
jack_brabham,halford,constructor
jack_brabham,gould,constructor
jack_brabham,behra,constructor
jack_brabham,godia,constructor
jack_brabham,perdisa,constructor
jack_brabham,maglioli,constructor
jack_brabham,rosier,constructor
jack_brabham,villoresi,constructor
salvadori,gould,constructor
salvadori,perdisa,constructor
salvadori,rosier,constructor
moss,gould,constructor
moss,perdisa,constructor
moss,rosier,constructor
halford,perdisa,constructor
halford,rosier,constructor
gould,perdisa,constructor
gould,maglioli,constructor
gould,rosier,constructor
gould,villoresi,constructor
behra,perdisa,constructor
behra,rosier,constructor
godia,perdisa,constructor
godia,rosier,constructor
perdisa,maglioli,constructor
perdisa,rosier,constructor
perdisa,villoresi,constructor
maglioli,rosier,constructor
rosier,villoresi,constructor
gurney,phil_hill,constructor
gurney,brooks,constructor
gurney,gendebien,constructor
gurney,behra,constructor
phil_hill,brooks,constructor
phil_hill,gendebien,constructor
phil_hill,behra,constructor
brooks,gendebien,constructor
brooks,behra,constructor
gendebien,behra,constructor
gurney,allison,constructor
phil_hill,allison,constructor
allison,brooks,constructor
allison,gendebien,constructor
allison,behra,constructor
phil_hill,trips,constructor
trips,allison,constructor
trips,brooks,constructor
phil_hill,hawthorn,constructor
phil_hill,collins,constructor
trips,hawthorn,constructor
trips,collins,constructor
hawthorn,collins,constructor
trips,gendebien,constructor
gendebien,hawthorn,constructor
ireland,stacey,constructor
gregory,herrmann,constructor
gregory,cabianca,constructor
gregory,shelby,constructor
gregory,gerini,constructor
herrmann,cabianca,constructor
herrmann,filippis,constructor
herrmann,shelby,constructor
herrmann,gerini,constructor
cabianca,filippis,constructor
cabianca,shelby,constructor
cabianca,gerini,constructor
gregory,menditeguy,constructor
herrmann,scarlatti,constructor
herrmann,menditeguy,constructor
herrmann,gould,constructor
herrmann,fangio,constructor
herrmann,piotti,constructor
herrmann,simon,constructor
scarlatti,menditeguy,constructor
menditeguy,simon,constructor
herrmann,halford,constructor
herrmann,behra,constructor
herrmann,godia,constructor
trintignant,behra,constructor
trintignant,trips,constructor
trintignant,hawthorn,constructor
trintignant,collins,constructor
trintignant,musso,constructor
musso,hawthorn,constructor
musso,collins,constructor
trintignant,gonzalez,constructor
gonzalez,schell,constructor
trintignant,taruffi,constructor
schell,taruffi,constructor
trintignant,maglioli,constructor
trintignant,farina,constructor
gonzalez,maglioli,constructor
gonzalez,farina,constructor
maglioli,farina,constructor
trintignant,frere,constructor
schell,frere,constructor
schell,farina,constructor
frere,taruffi,constructor
frere,farina,constructor
taruffi,farina,constructor
trintignant,castellotti,constructor
trintignant,claes,constructor
hawthorn,castellotti,constructor
hawthorn,claes,constructor
castellotti,claes,constructor
trintignant,villoresi,constructor
hawthorn,maglioli,constructor
hawthorn,villoresi,constructor
hawthorn,farina,constructor
castellotti,maglioli,constructor
castellotti,villoresi,constructor
castellotti,farina,constructor
villoresi,farina,constructor
trintignant,rosier,constructor
gonzalez,hawthorn,constructor
gonzalez,rosier,constructor
hawthorn,rosier,constructor
rosier,farina,constructor
trintignant,swaters,constructor
gonzalez,swaters,constructor
hawthorn,swaters,constructor
farina,swaters,constructor
trintignant,manzon,constructor
gonzalez,manzon,constructor
hawthorn,manzon,constructor
manzon,rosier,constructor
trintignant,reg_parnell,constructor
gonzalez,reg_parnell,constructor
hawthorn,reg_parnell,constructor
manzon,reg_parnell,constructor
rosier,reg_parnell,constructor
gonzalez,taruffi,constructor
hawthorn,taruffi,constructor
manzon,taruffi,constructor
rosier,taruffi,constructor
maglioli,manzon,constructor
maglioli,swaters,constructor
manzon,swaters,constructor
trintignant,ascari,constructor
gonzalez,ascari,constructor
hawthorn,ascari,constructor
maglioli,ascari,constructor
manzon,ascari,constructor
trintignant,menditeguy,constructor
menditeguy,manzon,constructor
schell,manzon,constructor
behra,manzon,constructor
trintignant,mieres,constructor
schell,mieres,constructor
trintignant,wacker,constructor
schell,wacker,constructor
behra,wacker,constructor
behra,mieres,constructor
trintignant,bira,constructor
manzon,bira,constructor
trintignant,simon,constructor
trintignant,gordini,constructor
simon,manzon,constructor
simon,gordini,constructor
manzon,gordini,constructor
andre_pilette,fangio,constructor
andre_pilette,collins,constructor
andre_pilette,castellotti,constructor
andre_pilette,frere,constructor
fangio,collins,constructor
fangio,castellotti,constructor
fangio,frere,constructor
collins,castellotti,constructor
collins,frere,constructor
castellotti,frere,constructor
andre_pilette,ramos,constructor
andre_pilette,manzon,constructor
ramos,manzon,constructor
andre_pilette,milhoux,constructor
manzon,milhoux,constructor
andre_pilette,behra,constructor
behra,frere,constructor
andre_pilette,bucci,constructor
behra,bucci,constructor
frere,bucci,constructor
andre_pilette,chiron,constructor
andre_pilette,rosier,constructor
andre_pilette,claes,constructor
andre_pilette,cabantous,constructor
andre_pilette,etancelin,constructor
andre_pilette,levegh,constructor
chiron,rosier,constructor
chiron,claes,constructor
chiron,cabantous,constructor
chiron,etancelin,constructor
chiron,levegh,constructor
rosier,claes,constructor
rosier,cabantous,constructor
rosier,etancelin,constructor
rosier,levegh,constructor
claes,cabantous,constructor
claes,etancelin,constructor
claes,levegh,constructor
cabantous,etancelin,constructor
cabantous,levegh,constructor
etancelin,levegh,constructor
andre_pilette,bayol,constructor
ramos,bayol,constructor
bayol,manzon,constructor
beaufort,scarlatti,constructor
beaufort,orey,constructor
beaufort,fontes,constructor
scarlatti,orey,constructor
scarlatti,fontes,constructor
orey,fontes,constructor
beaufort,barth,constructor
beaufort,maglioli,constructor
barth,maglioli,constructor
burgess,davis,constructor
salvadori,davis,constructor
burgess,herrmann,constructor
burgess,fairman,constructor
davis,fairman,constructor
ward,rathmann,constructor
ward,dick_rathmann,constructor
ward,flaherty,constructor
rathmann,dick_rathmann,constructor
rathmann,flaherty,constructor
dick_rathmann,flaherty,constructor
ward,turner,constructor
ward,hartley,constructor
ward,veith,constructor
ward,christie,constructor
ward,ruttman,constructor
ward,bettenhausen,constructor
ward,russo,constructor
ward,boyd,constructor
ward,herman,constructor
ward,paul_russo,constructor
ward,daywalt,constructor
ward,keller,constructor
ward,ray_crawford,constructor
ward,parsons,constructor
ward,tolan,constructor
ward,elisian,constructor
ward,connor,constructor
ward,hanks,constructor
ward,linden,constructor
ward,agabashian,constructor
ward,dinsmore,constructor
ward,andrews,constructor
rathmann,veith,constructor
rathmann,christie,constructor
rathmann,ruttman,constructor
rathmann,bettenhausen,constructor
rathmann,russo,constructor
rathmann,boyd,constructor
rathmann,herman,constructor
rathmann,paul_russo,constructor
rathmann,daywalt,constructor
rathmann,keller,constructor
rathmann,ray_crawford,constructor
rathmann,turner,constructor
rathmann,parsons,constructor
rathmann,tolan,constructor
rathmann,elisian,constructor
rathmann,connor,constructor
rathmann,hanks,constructor
rathmann,linden,constructor
rathmann,agabashian,constructor
rathmann,dinsmore,constructor
rathmann,andrews,constructor
veith,christie,constructor
veith,ruttman,constructor
veith,bettenhausen,constructor
veith,russo,constructor
veith,boyd,constructor
veith,dick_rathmann,constructor
veith,herman,constructor
veith,paul_russo,constructor
veith,daywalt,constructor
veith,keller,constructor
veith,ray_crawford,constructor
veith,turner,constructor
veith,parsons,constructor
veith,tolan,constructor
veith,elisian,constructor
veith,connor,constructor
veith,hanks,constructor
veith,linden,constructor
veith,agabashian,constructor
veith,dinsmore,constructor
veith,andrews,constructor
christie,ruttman,constructor
christie,bettenhausen,constructor
christie,russo,constructor
christie,boyd,constructor
christie,dick_rathmann,constructor
christie,herman,constructor
christie,paul_russo,constructor
christie,daywalt,constructor
christie,keller,constructor
christie,ray_crawford,constructor
christie,turner,constructor
christie,parsons,constructor
christie,tolan,constructor
christie,elisian,constructor
christie,connor,constructor
christie,hanks,constructor
christie,linden,constructor
christie,agabashian,constructor
christie,dinsmore,constructor
christie,andrews,constructor
ruttman,bettenhausen,constructor
ruttman,russo,constructor
ruttman,boyd,constructor
ruttman,dick_rathmann,constructor
ruttman,herman,constructor
ruttman,paul_russo,constructor
ruttman,daywalt,constructor
ruttman,keller,constructor
ruttman,ray_crawford,constructor
ruttman,turner,constructor
ruttman,parsons,constructor
ruttman,tolan,constructor
ruttman,elisian,constructor
ruttman,connor,constructor
ruttman,hanks,constructor
ruttman,linden,constructor
ruttman,agabashian,constructor
ruttman,dinsmore,constructor
ruttman,andrews,constructor
bettenhausen,russo,constructor
bettenhausen,boyd,constructor
bettenhausen,dick_rathmann,constructor
bettenhausen,herman,constructor
bettenhausen,paul_russo,constructor
bettenhausen,daywalt,constructor
bettenhausen,keller,constructor
bettenhausen,ray_crawford,constructor
bettenhausen,turner,constructor
bettenhausen,parsons,constructor
bettenhausen,tolan,constructor
bettenhausen,elisian,constructor
bettenhausen,connor,constructor
bettenhausen,hanks,constructor
bettenhausen,linden,constructor
bettenhausen,agabashian,constructor
bettenhausen,dinsmore,constructor
bettenhausen,andrews,constructor
russo,boyd,constructor
russo,dick_rathmann,constructor
russo,herman,constructor
russo,paul_russo,constructor
russo,daywalt,constructor
russo,keller,constructor
russo,ray_crawford,constructor
russo,turner,constructor
russo,parsons,constructor
russo,tolan,constructor
russo,elisian,constructor
russo,connor,constructor
russo,hanks,constructor
russo,linden,constructor
russo,agabashian,constructor
russo,dinsmore,constructor
russo,andrews,constructor
boyd,dick_rathmann,constructor
boyd,herman,constructor
boyd,paul_russo,constructor
boyd,daywalt,constructor
boyd,keller,constructor
boyd,ray_crawford,constructor
boyd,turner,constructor
boyd,parsons,constructor
boyd,tolan,constructor
boyd,elisian,constructor
boyd,connor,constructor
boyd,hanks,constructor
boyd,linden,constructor
boyd,agabashian,constructor
boyd,dinsmore,constructor
boyd,andrews,constructor
dick_rathmann,herman,constructor
dick_rathmann,paul_russo,constructor
dick_rathmann,daywalt,constructor
dick_rathmann,keller,constructor
dick_rathmann,ray_crawford,constructor
dick_rathmann,turner,constructor
dick_rathmann,parsons,constructor
dick_rathmann,tolan,constructor
dick_rathmann,elisian,constructor
dick_rathmann,connor,constructor
dick_rathmann,hanks,constructor
dick_rathmann,linden,constructor
dick_rathmann,agabashian,constructor
dick_rathmann,dinsmore,constructor
dick_rathmann,andrews,constructor
herman,paul_russo,constructor
herman,daywalt,constructor
herman,keller,constructor
herman,ray_crawford,constructor
herman,turner,constructor
herman,parsons,constructor
herman,tolan,constructor
herman,elisian,constructor
herman,connor,constructor
herman,hanks,constructor
herman,linden,constructor
herman,agabashian,constructor
herman,dinsmore,constructor
herman,andrews,constructor
paul_russo,daywalt,constructor
paul_russo,keller,constructor
paul_russo,ray_crawford,constructor
paul_russo,turner,constructor
paul_russo,parsons,constructor
paul_russo,tolan,constructor
paul_russo,elisian,constructor
paul_russo,connor,constructor
paul_russo,hanks,constructor
paul_russo,linden,constructor
paul_russo,agabashian,constructor
paul_russo,dinsmore,constructor
paul_russo,andrews,constructor
daywalt,keller,constructor
daywalt,ray_crawford,constructor
daywalt,turner,constructor
daywalt,parsons,constructor
daywalt,tolan,constructor
daywalt,elisian,constructor
daywalt,connor,constructor
daywalt,hanks,constructor
daywalt,linden,constructor
daywalt,agabashian,constructor
daywalt,dinsmore,constructor
daywalt,andrews,constructor
keller,ray_crawford,constructor
keller,turner,constructor
keller,parsons,constructor
keller,tolan,constructor
keller,elisian,constructor
keller,connor,constructor
keller,hanks,constructor
keller,linden,constructor
keller,agabashian,constructor
keller,dinsmore,constructor
keller,andrews,constructor
ray_crawford,turner,constructor
ray_crawford,parsons,constructor
ray_crawford,tolan,constructor
ray_crawford,elisian,constructor
ray_crawford,connor,constructor
ray_crawford,hanks,constructor
ray_crawford,linden,constructor
ray_crawford,agabashian,constructor
ray_crawford,dinsmore,constructor
ray_crawford,andrews,constructor
turner,parsons,constructor
turner,tolan,constructor
turner,elisian,constructor
turner,connor,constructor
turner,hanks,constructor
turner,linden,constructor
turner,agabashian,constructor
turner,dinsmore,constructor
turner,andrews,constructor
parsons,tolan,constructor
parsons,elisian,constructor
parsons,connor,constructor
parsons,hanks,constructor
parsons,linden,constructor
parsons,agabashian,constructor
parsons,dinsmore,constructor
parsons,andrews,constructor
tolan,elisian,constructor
tolan,connor,constructor
tolan,hanks,constructor
tolan,linden,constructor
tolan,agabashian,constructor
tolan,dinsmore,constructor
tolan,andrews,constructor
elisian,connor,constructor
elisian,hanks,constructor
elisian,linden,constructor
elisian,agabashian,constructor
elisian,dinsmore,constructor
elisian,andrews,constructor
connor,hanks,constructor
connor,linden,constructor
connor,agabashian,constructor
connor,dinsmore,constructor
connor,andrews,constructor
hanks,linden,constructor
hanks,agabashian,constructor
hanks,dinsmore,constructor
hanks,andrews,constructor
linden,agabashian,constructor
linden,dinsmore,constructor
linden,andrews,constructor
agabashian,dinsmore,constructor
agabashian,andrews,constructor
dinsmore,andrews,constructor
ward,thomson,constructor
ward,darter,constructor
ward,bryan,constructor
thomson,darter,constructor
thomson,bryan,constructor
darter,bryan,constructor
ward,johnson,constructor
ward,stevenson,constructor
ward,teague,constructor
ward,davies,constructor
ward,faulkner,constructor
ward,niday,constructor
ward,cross,constructor
ward,vukovich,constructor
ward,mcgrath,constructor
ward,hoyt,constructor
ward,webb,constructor
ward,nalon,constructor
ward,scarborough,constructor
ward,holland,constructor
ward,bob_scott,constructor
ward,holmes,constructor
ward,mantz,constructor
rathmann,thomson,constructor
rathmann,johnson,constructor
rathmann,darter,constructor
rathmann,hartley,constructor
rathmann,stevenson,constructor
rathmann,teague,constructor
rathmann,davies,constructor
rathmann,faulkner,constructor
rathmann,niday,constructor
rathmann,cross,constructor
rathmann,vukovich,constructor
rathmann,mcgrath,constructor
rathmann,hoyt,constructor
rathmann,webb,constructor
rathmann,nalon,constructor
rathmann,scarborough,constructor
rathmann,holland,constructor
rathmann,bob_scott,constructor
rathmann,holmes,constructor
rathmann,mantz,constructor
thomson,johnson,constructor
thomson,hartley,constructor
thomson,stevenson,constructor
thomson,paul_russo,constructor
thomson,daywalt,constructor
thomson,parsons,constructor
thomson,hanks,constructor
thomson,linden,constructor
thomson,teague,constructor
thomson,agabashian,constructor
thomson,dinsmore,constructor
thomson,davies,constructor
thomson,faulkner,constructor
thomson,niday,constructor
thomson,cross,constructor
thomson,vukovich,constructor
thomson,mcgrath,constructor
thomson,hoyt,constructor
thomson,webb,constructor
thomson,nalon,constructor
thomson,scarborough,constructor
thomson,holland,constructor
thomson,bob_scott,constructor
thomson,holmes,constructor
thomson,mantz,constructor
johnson,darter,constructor
johnson,hartley,constructor
johnson,stevenson,constructor
johnson,paul_russo,constructor
johnson,daywalt,constructor
johnson,parsons,constructor
johnson,hanks,constructor
johnson,linden,constructor
johnson,teague,constructor
johnson,agabashian,constructor
johnson,dinsmore,constructor
johnson,davies,constructor
johnson,faulkner,constructor
johnson,niday,constructor
johnson,cross,constructor
johnson,vukovich,constructor
johnson,mcgrath,constructor
johnson,hoyt,constructor
johnson,webb,constructor
johnson,nalon,constructor
johnson,scarborough,constructor
johnson,holland,constructor
johnson,bob_scott,constructor
johnson,holmes,constructor
johnson,mantz,constructor
darter,hartley,constructor
darter,stevenson,constructor
darter,paul_russo,constructor
darter,daywalt,constructor
darter,parsons,constructor
darter,hanks,constructor
darter,linden,constructor
darter,teague,constructor
darter,agabashian,constructor
darter,dinsmore,constructor
darter,davies,constructor
darter,faulkner,constructor
darter,niday,constructor
darter,cross,constructor
darter,vukovich,constructor
darter,mcgrath,constructor
darter,hoyt,constructor
darter,webb,constructor
darter,nalon,constructor
darter,scarborough,constructor
darter,holland,constructor
darter,bob_scott,constructor
darter,holmes,constructor
darter,mantz,constructor
hartley,stevenson,constructor
hartley,paul_russo,constructor
hartley,daywalt,constructor
hartley,parsons,constructor
hartley,hanks,constructor
hartley,linden,constructor
hartley,teague,constructor
hartley,agabashian,constructor
hartley,dinsmore,constructor
hartley,davies,constructor
hartley,faulkner,constructor
hartley,niday,constructor
hartley,cross,constructor
hartley,vukovich,constructor
hartley,mcgrath,constructor
hartley,hoyt,constructor
hartley,webb,constructor
hartley,nalon,constructor
hartley,scarborough,constructor
hartley,holland,constructor
hartley,bob_scott,constructor
hartley,holmes,constructor
hartley,mantz,constructor
stevenson,paul_russo,constructor
stevenson,daywalt,constructor
stevenson,parsons,constructor
stevenson,hanks,constructor
stevenson,linden,constructor
stevenson,teague,constructor
stevenson,agabashian,constructor
stevenson,dinsmore,constructor
stevenson,davies,constructor
stevenson,faulkner,constructor
stevenson,niday,constructor
stevenson,cross,constructor
stevenson,vukovich,constructor
stevenson,mcgrath,constructor
stevenson,hoyt,constructor
stevenson,webb,constructor
stevenson,nalon,constructor
stevenson,scarborough,constructor
stevenson,holland,constructor
stevenson,bob_scott,constructor
stevenson,holmes,constructor
stevenson,mantz,constructor
paul_russo,teague,constructor
paul_russo,davies,constructor
paul_russo,faulkner,constructor
paul_russo,niday,constructor
paul_russo,cross,constructor
paul_russo,vukovich,constructor
paul_russo,mcgrath,constructor
paul_russo,hoyt,constructor
paul_russo,webb,constructor
paul_russo,nalon,constructor
paul_russo,scarborough,constructor
paul_russo,holland,constructor
paul_russo,bob_scott,constructor
paul_russo,holmes,constructor
paul_russo,mantz,constructor
daywalt,teague,constructor
daywalt,davies,constructor
daywalt,faulkner,constructor
daywalt,niday,constructor
daywalt,cross,constructor
daywalt,vukovich,constructor
daywalt,mcgrath,constructor
daywalt,hoyt,constructor
daywalt,webb,constructor
daywalt,nalon,constructor
daywalt,scarborough,constructor
daywalt,holland,constructor
daywalt,bob_scott,constructor
daywalt,holmes,constructor
daywalt,mantz,constructor
parsons,teague,constructor
parsons,davies,constructor
parsons,faulkner,constructor
parsons,niday,constructor
parsons,cross,constructor
parsons,vukovich,constructor
parsons,mcgrath,constructor
parsons,hoyt,constructor
parsons,webb,constructor
parsons,nalon,constructor
parsons,scarborough,constructor
parsons,holland,constructor
parsons,bob_scott,constructor
parsons,holmes,constructor
parsons,mantz,constructor
hanks,teague,constructor
hanks,davies,constructor
hanks,faulkner,constructor
hanks,niday,constructor
hanks,cross,constructor
hanks,vukovich,constructor
hanks,mcgrath,constructor
hanks,hoyt,constructor
hanks,webb,constructor
hanks,nalon,constructor
hanks,scarborough,constructor
hanks,holland,constructor
hanks,bob_scott,constructor
hanks,holmes,constructor
hanks,mantz,constructor
linden,teague,constructor
linden,davies,constructor
linden,faulkner,constructor
linden,niday,constructor
linden,cross,constructor
linden,vukovich,constructor
linden,mcgrath,constructor
linden,hoyt,constructor
linden,webb,constructor
linden,nalon,constructor
linden,scarborough,constructor
linden,holland,constructor
linden,bob_scott,constructor
linden,holmes,constructor
linden,mantz,constructor
teague,agabashian,constructor
teague,dinsmore,constructor
teague,davies,constructor
teague,faulkner,constructor
teague,niday,constructor
teague,cross,constructor
teague,vukovich,constructor
teague,mcgrath,constructor
teague,hoyt,constructor
teague,webb,constructor
teague,nalon,constructor
teague,scarborough,constructor
teague,holland,constructor
teague,bob_scott,constructor
teague,holmes,constructor
teague,mantz,constructor
agabashian,davies,constructor
agabashian,faulkner,constructor
agabashian,niday,constructor
agabashian,cross,constructor
agabashian,vukovich,constructor
agabashian,mcgrath,constructor
agabashian,hoyt,constructor
agabashian,webb,constructor
agabashian,nalon,constructor
agabashian,scarborough,constructor
agabashian,holland,constructor
agabashian,bob_scott,constructor
agabashian,holmes,constructor
agabashian,mantz,constructor
dinsmore,davies,constructor
dinsmore,faulkner,constructor
dinsmore,niday,constructor
dinsmore,cross,constructor
dinsmore,vukovich,constructor
dinsmore,mcgrath,constructor
dinsmore,hoyt,constructor
dinsmore,webb,constructor
dinsmore,nalon,constructor
dinsmore,scarborough,constructor
dinsmore,holland,constructor
dinsmore,bob_scott,constructor
dinsmore,holmes,constructor
dinsmore,mantz,constructor
davies,faulkner,constructor
davies,niday,constructor
davies,cross,constructor
davies,vukovich,constructor
davies,mcgrath,constructor
davies,hoyt,constructor
davies,webb,constructor
davies,nalon,constructor
davies,scarborough,constructor
davies,holland,constructor
davies,bob_scott,constructor
davies,holmes,constructor
davies,mantz,constructor
faulkner,niday,constructor
faulkner,cross,constructor
faulkner,vukovich,constructor
faulkner,mcgrath,constructor
faulkner,hoyt,constructor
faulkner,webb,constructor
faulkner,nalon,constructor
faulkner,scarborough,constructor
faulkner,holland,constructor
faulkner,bob_scott,constructor
faulkner,holmes,constructor
faulkner,mantz,constructor
niday,cross,constructor
niday,vukovich,constructor
niday,mcgrath,constructor
niday,hoyt,constructor
niday,webb,constructor
niday,nalon,constructor
niday,scarborough,constructor
niday,holland,constructor
niday,bob_scott,constructor
niday,holmes,constructor
niday,mantz,constructor
cross,vukovich,constructor
cross,mcgrath,constructor
cross,hoyt,constructor
cross,webb,constructor
cross,nalon,constructor
cross,scarborough,constructor
cross,holland,constructor
cross,bob_scott,constructor
cross,holmes,constructor
cross,mantz,constructor
vukovich,mcgrath,constructor
vukovich,hoyt,constructor
vukovich,webb,constructor
vukovich,nalon,constructor
vukovich,scarborough,constructor
vukovich,holland,constructor
vukovich,bob_scott,constructor
vukovich,holmes,constructor
vukovich,mantz,constructor
mcgrath,hoyt,constructor
mcgrath,webb,constructor
mcgrath,nalon,constructor
mcgrath,scarborough,constructor
mcgrath,holland,constructor
mcgrath,bob_scott,constructor
mcgrath,holmes,constructor
mcgrath,mantz,constructor
hoyt,webb,constructor
hoyt,nalon,constructor
hoyt,scarborough,constructor
hoyt,holland,constructor
hoyt,bob_scott,constructor
hoyt,holmes,constructor
hoyt,mantz,constructor
webb,nalon,constructor
webb,scarborough,constructor
webb,holland,constructor
webb,bob_scott,constructor
webb,holmes,constructor
webb,mantz,constructor
nalon,scarborough,constructor
nalon,holland,constructor
nalon,bob_scott,constructor
nalon,holmes,constructor
nalon,mantz,constructor
scarborough,holland,constructor
scarborough,bob_scott,constructor
scarborough,holmes,constructor
scarborough,mantz,constructor
holland,bob_scott,constructor
holland,holmes,constructor
holland,mantz,constructor
bob_scott,holmes,constructor
bob_scott,mantz,constructor
holmes,mantz,constructor
ward,reece,constructor
ward,sweikert,constructor
ward,griffith,constructor
ward,george_connor,constructor
ward,james,constructor
ward,mcdowell,constructor
ward,miller,constructor
rathmann,bryan,constructor
rathmann,reece,constructor
rathmann,sweikert,constructor
rathmann,griffith,constructor
rathmann,george_connor,constructor
rathmann,james,constructor
rathmann,mcdowell,constructor
rathmann,miller,constructor
hartley,bryan,constructor
hartley,reece,constructor
hartley,sweikert,constructor
hartley,griffith,constructor
hartley,george_connor,constructor
hartley,james,constructor
hartley,mcdowell,constructor
hartley,miller,constructor
stevenson,bryan,constructor
stevenson,reece,constructor
stevenson,sweikert,constructor
stevenson,griffith,constructor
stevenson,george_connor,constructor
stevenson,james,constructor
stevenson,mcdowell,constructor
stevenson,miller,constructor
bryan,reece,constructor
bryan,parsons,constructor
bryan,hanks,constructor
bryan,linden,constructor
bryan,agabashian,constructor
bryan,sweikert,constructor
bryan,griffith,constructor
bryan,cross,constructor
bryan,vukovich,constructor
bryan,mcgrath,constructor
bryan,nalon,constructor
bryan,bob_scott,constructor
bryan,george_connor,constructor
bryan,james,constructor
bryan,mcdowell,constructor
bryan,miller,constructor
reece,parsons,constructor
reece,hanks,constructor
reece,linden,constructor
reece,agabashian,constructor
reece,sweikert,constructor
reece,griffith,constructor
reece,cross,constructor
reece,vukovich,constructor
reece,mcgrath,constructor
reece,nalon,constructor
reece,bob_scott,constructor
reece,george_connor,constructor
reece,james,constructor
reece,mcdowell,constructor
reece,miller,constructor
parsons,sweikert,constructor
parsons,griffith,constructor
parsons,george_connor,constructor
parsons,james,constructor
parsons,mcdowell,constructor
parsons,miller,constructor
hanks,sweikert,constructor
hanks,griffith,constructor
hanks,george_connor,constructor
hanks,james,constructor
hanks,mcdowell,constructor
hanks,miller,constructor
linden,sweikert,constructor
linden,griffith,constructor
linden,george_connor,constructor
linden,james,constructor
linden,mcdowell,constructor
linden,miller,constructor
agabashian,sweikert,constructor
agabashian,griffith,constructor
agabashian,george_connor,constructor
agabashian,james,constructor
agabashian,mcdowell,constructor
agabashian,miller,constructor
sweikert,griffith,constructor
sweikert,cross,constructor
sweikert,vukovich,constructor
sweikert,mcgrath,constructor
sweikert,nalon,constructor
sweikert,bob_scott,constructor
sweikert,george_connor,constructor
sweikert,james,constructor
sweikert,mcdowell,constructor
sweikert,miller,constructor
griffith,cross,constructor
griffith,vukovich,constructor
griffith,mcgrath,constructor
griffith,nalon,constructor
griffith,bob_scott,constructor
griffith,george_connor,constructor
griffith,james,constructor
griffith,mcdowell,constructor
griffith,miller,constructor
cross,george_connor,constructor
cross,james,constructor
cross,mcdowell,constructor
cross,miller,constructor
vukovich,george_connor,constructor
vukovich,james,constructor
vukovich,mcdowell,constructor
vukovich,miller,constructor
mcgrath,george_connor,constructor
mcgrath,james,constructor
mcgrath,mcdowell,constructor
mcgrath,miller,constructor
nalon,george_connor,constructor
nalon,james,constructor
nalon,mcdowell,constructor
nalon,miller,constructor
bob_scott,george_connor,constructor
bob_scott,james,constructor
bob_scott,mcdowell,constructor
bob_scott,miller,constructor
george_connor,james,constructor
george_connor,mcdowell,constructor
george_connor,miller,constructor
james,mcdowell,constructor
james,miller,constructor
mcdowell,miller,constructor
seidel,herrmann,constructor
seidel,helfrich,constructor
seidel,karch,constructor
seidel,heeks,constructor
seidel,bauer,constructor
seidel,loof,constructor
herrmann,helfrich,constructor
herrmann,karch,constructor
herrmann,heeks,constructor
herrmann,bauer,constructor
herrmann,loof,constructor
helfrich,karch,constructor
helfrich,heeks,constructor
helfrich,bauer,constructor
helfrich,loof,constructor
karch,heeks,constructor
karch,bauer,constructor
karch,loof,constructor
heeks,bauer,constructor
heeks,loof,constructor
bauer,loof,constructor
salvadori,shelby,constructor
salvadori,lewis-evans,constructor
salvadori,schell,constructor
salvadori,volonterio,constructor
moss,volonterio,constructor
schell,perdisa,constructor
schell,maglioli,constructor
schell,rosier,constructor
schell,villoresi,constructor
piotti,perdisa,constructor
piotti,rosier,constructor
perdisa,volonterio,constructor
maglioli,volonterio,constructor
rosier,volonterio,constructor
villoresi,volonterio,constructor
salvadori,musso,constructor
salvadori,collins,constructor
salvadori,simon,constructor
salvadori,mieres,constructor
salvadori,macklin,constructor
gould,musso,constructor
gould,collins,constructor
gould,mieres,constructor
gould,macklin,constructor
behra,musso,constructor
behra,collins,constructor
behra,macklin,constructor
musso,simon,constructor
musso,mieres,constructor
musso,macklin,constructor
collins,simon,constructor
collins,mieres,constructor
collins,macklin,constructor
simon,mieres,constructor
simon,macklin,constructor
mieres,macklin,constructor
salvadori,mantovani,constructor
salvadori,ascari,constructor
salvadori,wharton,constructor
salvadori,bira,constructor
salvadori,marimon,constructor
schell,mantovani,constructor
schell,ascari,constructor
schell,wharton,constructor
schell,bira,constructor
schell,marimon,constructor
villoresi,mieres,constructor
villoresi,mantovani,constructor
villoresi,ascari,constructor
villoresi,wharton,constructor
villoresi,bira,constructor
villoresi,marimon,constructor
mieres,mantovani,constructor
mieres,ascari,constructor
mieres,wharton,constructor
mieres,bira,constructor
mieres,marimon,constructor
mantovani,ascari,constructor
mantovani,wharton,constructor
mantovani,bira,constructor
mantovani,marimon,constructor
ascari,wharton,constructor
ascari,bira,constructor
ascari,marimon,constructor
wharton,bira,constructor
wharton,marimon,constructor
bira,marimon,constructor
moss,mieres,constructor
moss,ascari,constructor
moss,wharton,constructor
moss,bira,constructor
moss,marimon,constructor
flockhart,villoresi,constructor
flockhart,mieres,constructor
flockhart,ascari,constructor
flockhart,wharton,constructor
flockhart,bira,constructor
flockhart,marimon,constructor
salvadori,claes,constructor
salvadori,mcalpine,constructor
moss,claes,constructor
moss,mcalpine,constructor
claes,mcalpine,constructor
claes,bira,constructor
salvadori,rolt,constructor
salvadori,ian_stewart,constructor
mcalpine,rolt,constructor
mcalpine,bira,constructor
mcalpine,ian_stewart,constructor
rolt,bira,constructor
rolt,ian_stewart,constructor
bira,ian_stewart,constructor
fairman,claes,constructor
fairman,mcalpine,constructor
salvadori,taruffi,constructor
salvadori,farina,constructor
salvadori,whitehead,constructor
salvadori,hirt,constructor
salvadori,fischer,constructor
taruffi,ascari,constructor
taruffi,whitehead,constructor
taruffi,hirt,constructor
taruffi,fischer,constructor
farina,ascari,constructor
farina,whitehead,constructor
farina,hirt,constructor
farina,fischer,constructor
ascari,whitehead,constructor
ascari,hirt,constructor
ascari,fischer,constructor
whitehead,hirt,constructor
whitehead,fischer,constructor
hirt,fischer,constructor
moss,brooks,constructor
moss,lewis-evans,constructor
brooks,lewis-evans,constructor
moss,gonzalez,constructor
moss,hawthorn,constructor
moss,landi,constructor
moss,uria,constructor
moss,oscar_gonzalez,constructor
menditeguy,gonzalez,constructor
menditeguy,hawthorn,constructor
menditeguy,gerini,constructor
menditeguy,landi,constructor
menditeguy,uria,constructor
menditeguy,oscar_gonzalez,constructor
gonzalez,behra,constructor
gonzalez,gerini,constructor
gonzalez,piotti,constructor
gonzalez,landi,constructor
gonzalez,uria,constructor
gonzalez,oscar_gonzalez,constructor
behra,hawthorn,constructor
behra,landi,constructor
behra,uria,constructor
behra,oscar_gonzalez,constructor
hawthorn,gerini,constructor
hawthorn,piotti,constructor
hawthorn,landi,constructor
hawthorn,uria,constructor
hawthorn,oscar_gonzalez,constructor
gerini,landi,constructor
gerini,uria,constructor
gerini,oscar_gonzalez,constructor
piotti,landi,constructor
piotti,uria,constructor
piotti,oscar_gonzalez,constructor
landi,uria,constructor
landi,oscar_gonzalez,constructor
uria,oscar_gonzalez,constructor
moss,chiron,constructor
behra,chiron,constructor
chiron,perdisa,constructor
moss,simon,constructor
moss,ramos,constructor
behra,ramos,constructor
godia,ramos,constructor
perdisa,simon,constructor
perdisa,ramos,constructor
simon,ramos,constructor
simon,rosier,constructor
simon,villoresi,constructor
ramos,rosier,constructor
ramos,villoresi,constructor
moss,herrmann,constructor
moss,kling,constructor
herrmann,kling,constructor
fangio,kling,constructor
moss,taruffi,constructor
fangio,taruffi,constructor
taruffi,kling,constructor
moss,mantovani,constructor
fangio,mieres,constructor
fangio,mantovani,constructor
fangio,bira,constructor
fangio,marimon,constructor
moss,musso,constructor
moss,daponte,constructor
moss,riu,constructor
musso,rosier,constructor
musso,villoresi,constructor
musso,mantovani,constructor
musso,daponte,constructor
musso,riu,constructor
rosier,mieres,constructor
rosier,mantovani,constructor
rosier,daponte,constructor
rosier,riu,constructor
villoresi,daponte,constructor
villoresi,riu,constructor
mieres,daponte,constructor
mieres,riu,constructor
mantovani,daponte,constructor
mantovani,riu,constructor
daponte,riu,constructor
schell,musso,constructor
schell,graffenried,constructor
musso,godia,constructor
musso,volonterio,constructor
musso,graffenried,constructor
musso,wharton,constructor
musso,bira,constructor
godia,mieres,constructor
godia,mantovani,constructor
godia,wharton,constructor
godia,bira,constructor
rosier,graffenried,constructor
rosier,wharton,constructor
rosier,bira,constructor
volonterio,graffenried,constructor
volonterio,mieres,constructor
volonterio,mantovani,constructor
volonterio,wharton,constructor
volonterio,bira,constructor
graffenried,mieres,constructor
graffenried,mantovani,constructor
graffenried,wharton,constructor
graffenried,bira,constructor
moss,gerard,constructor
gerard,wharton,constructor
moss,alan_brown,constructor
moss,nuckey,constructor
alan_brown,nuckey,constructor
wharton,alan_brown,constructor
moss,collins,constructor
moss,macklin,constructor
moss,abecassis,constructor
collins,abecassis,constructor
macklin,abecassis,constructor
moss,poore,constructor
mcalpine,poore,constructor
trips,filippis,constructor
trips,musso,constructor
trips,fangio,constructor
trips,portago,constructor
trips,castellotti,constructor
musso,fangio,constructor
musso,portago,constructor
musso,castellotti,constructor
fangio,portago,constructor
collins,portago,constructor
portago,castellotti,constructor
trips,gonzalez,constructor
trips,tomaso,constructor
trips,perdisa,constructor
gonzalez,tomaso,constructor
gonzalez,musso,constructor
gonzalez,collins,constructor
gonzalez,portago,constructor
gonzalez,perdisa,constructor
gonzalez,castellotti,constructor
tomaso,musso,constructor
tomaso,hawthorn,constructor
tomaso,collins,constructor
tomaso,portago,constructor
tomaso,perdisa,constructor
tomaso,castellotti,constructor
musso,perdisa,constructor
hawthorn,portago,constructor
hawthorn,perdisa,constructor
collins,perdisa,constructor
portago,perdisa,constructor
perdisa,castellotti,constructor
herrmann,lang,constructor
fangio,lang,constructor
kling,lang,constructor
brooks,hawthorn,constructor
brooks,flockhart,constructor
flockhart,hawthorn,constructor
gendebien,musso,constructor
gendebien,collins,constructor
gendebien,fangio,constructor
gendebien,castellotti,constructor
gendebien,portago,constructor
scarlatti,musso,constructor
scarlatti,collins,constructor
scarlatti,castellotti,constructor
scarlatti,portago,constructor
fairman,bueb,constructor
fairman,leston,constructor
fairman,titterington,constructor
fairman,scott_Brown,constructor
titterington,scott_Brown,constructor
fairman,flockhart,constructor
flockhart,leston,constructor
fairman,peter_walker,constructor
fairman,marr,constructor
fairman,rolt,constructor
peter_walker,mcalpine,constructor
peter_walker,marr,constructor
peter_walker,rolt,constructor
mcalpine,marr,constructor
marr,rolt,constructor
fairman,collins,constructor
fairman,macklin,constructor
fairman,duncan_hamilton,constructor
collins,duncan_hamilton,constructor
macklin,duncan_hamilton,constructor
menditeguy,godia,constructor
menditeguy,musso,constructor
menditeguy,mieres,constructor
menditeguy,mantovani,constructor
menditeguy,bucci,constructor
schell,uria,constructor
schell,bucci,constructor
behra,mantovani,constructor
musso,uria,constructor
musso,bucci,constructor
uria,mieres,constructor
uria,mantovani,constructor
uria,bucci,constructor
mieres,bucci,constructor
mantovani,bucci,constructor
menditeguy,collins,constructor
menditeguy,fitch,constructor
gould,fitch,constructor
behra,fitch,constructor
musso,fitch,constructor
collins,fitch,constructor
mieres,fitch,constructor
menditeguy,graffenried,constructor
menditeguy,bira,constructor
menditeguy,marimon,constructor
menditeguy,daponte,constructor
schell,daponte,constructor
musso,marimon,constructor
fangio,graffenried,constructor
fangio,daponte,constructor
graffenried,marimon,constructor
graffenried,daponte,constructor
bira,daponte,constructor
marimon,daponte,constructor
gonzalez,fangio,constructor
gonzalez,galvez,constructor
gonzalez,bonetto,constructor
fangio,galvez,constructor
fangio,bonetto,constructor
galvez,bonetto,constructor
gonzalez,graffenried,constructor
graffenried,bonetto,constructor
gonzalez,claes,constructor
gonzalez,marimon,constructor
fangio,claes,constructor
graffenried,claes,constructor
claes,marimon,constructor
marimon,bonetto,constructor
gonzalez,bianco,constructor
gonzalez,cantoni,constructor
gonzalez,crespo,constructor
gonzalez,rol,constructor
landi,graffenried,constructor
landi,bonetto,constructor
landi,bianco,constructor
landi,cantoni,constructor
landi,crespo,constructor
landi,rol,constructor
graffenried,bianco,constructor
graffenried,cantoni,constructor
graffenried,crespo,constructor
graffenried,rol,constructor
bonetto,bianco,constructor
bonetto,cantoni,constructor
bonetto,crespo,constructor
bonetto,rol,constructor
bianco,cantoni,constructor
bianco,crespo,constructor
bianco,rol,constructor
cantoni,crespo,constructor
cantoni,rol,constructor
crespo,rol,constructor
gonzalez,cabantous,constructor
gonzalez,etancelin,constructor
gonzalez,guy_mairesse,constructor
gonzalez,louveau,constructor
rosier,guy_mairesse,constructor
rosier,louveau,constructor
claes,guy_mairesse,constructor
claes,louveau,constructor
cabantous,guy_mairesse,constructor
cabantous,louveau,constructor
etancelin,guy_mairesse,constructor
etancelin,louveau,constructor
guy_mairesse,louveau,constructor
gonzalez,villoresi,constructor
gonzalez,whitehead,constructor
villoresi,whitehead,constructor
gonzalez,fischer,constructor
villoresi,taruffi,constructor
villoresi,fischer,constructor
landi,villoresi,constructor
landi,taruffi,constructor
landi,ascari,constructor
landi,whitehead,constructor
gonzalez,chiron,constructor
gonzalez,bira,constructor
gonzalez,pian,constructor
chiron,graffenried,constructor
chiron,bira,constructor
chiron,rol,constructor
chiron,pian,constructor
graffenried,pian,constructor
bira,rol,constructor
bira,pian,constructor
rol,pian,constructor
gonzalez,hampshire,constructor
chiron,reg_parnell,constructor
chiron,bonetto,constructor
chiron,hampshire,constructor
reg_parnell,bonetto,constructor
reg_parnell,rol,constructor
reg_parnell,hampshire,constructor
bonetto,hampshire,constructor
rol,hampshire,constructor
villoresi,reg_parnell,constructor
ascari,reg_parnell,constructor
reg_parnell,whitehead,constructor
schell,hawthorn,constructor
schell,chapman,constructor
hawthorn,chapman,constructor
schell,etancelin,constructor
graffenried,etancelin,constructor
schell,bianco,constructor
schell,cantoni,constructor
schell,chiron,constructor
schell,claes,constructor
schell,cabantous,constructor
schell,martin,constructor
rosier,martin,constructor
claes,martin,constructor
cabantous,martin,constructor
etancelin,martin,constructor
bristow,bueb,constructor
rathmann,george_amick,constructor
bryan,bettenhausen,constructor
bryan,george_amick,constructor
bettenhausen,george_amick,constructor
rathmann,homeier,constructor
rathmann,nazaruk,constructor
rathmann,crockett,constructor
rathmann,armi,constructor
rathmann,mccoy,constructor
rathmann,fonder,constructor
rathmann,jackson,constructor
darter,homeier,constructor
darter,ruttman,constructor
darter,bettenhausen,constructor
darter,flaherty,constructor
darter,connor,constructor
darter,sweikert,constructor
darter,nazaruk,constructor
darter,crockett,constructor
darter,armi,constructor
darter,mccoy,constructor
darter,fonder,constructor
darter,jackson,constructor
homeier,hartley,constructor
homeier,ruttman,constructor
homeier,bettenhausen,constructor
homeier,paul_russo,constructor
homeier,daywalt,constructor
homeier,flaherty,constructor
homeier,parsons,constructor
homeier,connor,constructor
homeier,hanks,constructor
homeier,linden,constructor
homeier,teague,constructor
homeier,agabashian,constructor
homeier,sweikert,constructor
homeier,davies,constructor
homeier,cross,constructor
homeier,vukovich,constructor
homeier,mcgrath,constructor
homeier,hoyt,constructor
homeier,nazaruk,constructor
homeier,crockett,constructor
homeier,armi,constructor
homeier,mccoy,constructor
homeier,fonder,constructor
homeier,jackson,constructor
hartley,ruttman,constructor
hartley,bettenhausen,constructor
hartley,flaherty,constructor
hartley,connor,constructor
hartley,nazaruk,constructor
hartley,crockett,constructor
hartley,armi,constructor
hartley,mccoy,constructor
hartley,fonder,constructor
hartley,jackson,constructor
ruttman,flaherty,constructor
ruttman,teague,constructor
ruttman,sweikert,constructor
ruttman,davies,constructor
ruttman,cross,constructor
ruttman,vukovich,constructor
ruttman,mcgrath,constructor
ruttman,hoyt,constructor
ruttman,nazaruk,constructor
ruttman,crockett,constructor
ruttman,armi,constructor
ruttman,mccoy,constructor
ruttman,fonder,constructor
ruttman,jackson,constructor
bettenhausen,flaherty,constructor
bettenhausen,teague,constructor
bettenhausen,sweikert,constructor
bettenhausen,davies,constructor
bettenhausen,cross,constructor
bettenhausen,vukovich,constructor
bettenhausen,mcgrath,constructor
bettenhausen,hoyt,constructor
bettenhausen,nazaruk,constructor
bettenhausen,crockett,constructor
bettenhausen,armi,constructor
bettenhausen,mccoy,constructor
bettenhausen,fonder,constructor
bettenhausen,jackson,constructor
paul_russo,flaherty,constructor
paul_russo,sweikert,constructor
paul_russo,nazaruk,constructor
paul_russo,crockett,constructor
paul_russo,armi,constructor
paul_russo,mccoy,constructor
paul_russo,fonder,constructor
paul_russo,jackson,constructor
daywalt,flaherty,constructor
daywalt,sweikert,constructor
daywalt,nazaruk,constructor
daywalt,crockett,constructor
daywalt,armi,constructor
daywalt,mccoy,constructor
daywalt,fonder,constructor
daywalt,jackson,constructor
flaherty,parsons,constructor
flaherty,connor,constructor
flaherty,hanks,constructor
flaherty,linden,constructor
flaherty,teague,constructor
flaherty,agabashian,constructor
flaherty,sweikert,constructor
flaherty,davies,constructor
flaherty,cross,constructor
flaherty,vukovich,constructor
flaherty,mcgrath,constructor
flaherty,hoyt,constructor
flaherty,nazaruk,constructor
flaherty,crockett,constructor
flaherty,armi,constructor
flaherty,mccoy,constructor
flaherty,fonder,constructor
flaherty,jackson,constructor
parsons,nazaruk,constructor
parsons,crockett,constructor
parsons,armi,constructor
parsons,mccoy,constructor
parsons,fonder,constructor
parsons,jackson,constructor
connor,teague,constructor
connor,sweikert,constructor
connor,davies,constructor
connor,cross,constructor
connor,vukovich,constructor
connor,mcgrath,constructor
connor,hoyt,constructor
connor,nazaruk,constructor
connor,crockett,constructor
connor,armi,constructor
connor,mccoy,constructor
connor,fonder,constructor
connor,jackson,constructor
hanks,nazaruk,constructor
hanks,crockett,constructor
hanks,armi,constructor
hanks,mccoy,constructor
hanks,fonder,constructor
hanks,jackson,constructor
linden,nazaruk,constructor
linden,crockett,constructor
linden,armi,constructor
linden,mccoy,constructor
linden,fonder,constructor
linden,jackson,constructor
teague,sweikert,constructor
teague,nazaruk,constructor
teague,crockett,constructor
teague,armi,constructor
teague,mccoy,constructor
teague,fonder,constructor
teague,jackson,constructor
agabashian,nazaruk,constructor
agabashian,crockett,constructor
agabashian,armi,constructor
agabashian,mccoy,constructor
agabashian,fonder,constructor
agabashian,jackson,constructor
sweikert,davies,constructor
sweikert,hoyt,constructor
sweikert,nazaruk,constructor
sweikert,crockett,constructor
sweikert,armi,constructor
sweikert,mccoy,constructor
sweikert,fonder,constructor
sweikert,jackson,constructor
davies,nazaruk,constructor
davies,crockett,constructor
davies,armi,constructor
davies,mccoy,constructor
davies,fonder,constructor
davies,jackson,constructor
cross,nazaruk,constructor
cross,crockett,constructor
cross,armi,constructor
cross,mccoy,constructor
cross,fonder,constructor
cross,jackson,constructor
vukovich,nazaruk,constructor
vukovich,crockett,constructor
vukovich,armi,constructor
vukovich,mccoy,constructor
vukovich,fonder,constructor
vukovich,jackson,constructor
mcgrath,nazaruk,constructor
mcgrath,crockett,constructor
mcgrath,armi,constructor
mcgrath,mccoy,constructor
mcgrath,fonder,constructor
mcgrath,jackson,constructor
hoyt,nazaruk,constructor
hoyt,crockett,constructor
hoyt,armi,constructor
hoyt,mccoy,constructor
hoyt,fonder,constructor
hoyt,jackson,constructor
nazaruk,crockett,constructor
nazaruk,armi,constructor
nazaruk,mccoy,constructor
nazaruk,fonder,constructor
nazaruk,jackson,constructor
crockett,armi,constructor
crockett,mccoy,constructor
crockett,fonder,constructor
crockett,jackson,constructor
armi,mccoy,constructor
armi,fonder,constructor
armi,jackson,constructor
mccoy,fonder,constructor
mccoy,jackson,constructor
fonder,jackson,constructor
goldsmith,bryan,constructor
goldsmith,bettenhausen,constructor
goldsmith,boyd,constructor
bryan,boyd,constructor
goldsmith,thomson,constructor
goldsmith,johnson,constructor
goldsmith,veith,constructor
goldsmith,christie,constructor
goldsmith,templeman,constructor
goldsmith,sutton,constructor
goldsmith,paul_russo,constructor
goldsmith,keller,constructor
goldsmith,cheesbourg,constructor
goldsmith,magill,constructor
goldsmith,parsons,constructor
goldsmith,garrett,constructor
goldsmith,connor,constructor
goldsmith,jerry_unser,constructor
thomson,veith,constructor
thomson,christie,constructor
thomson,templeman,constructor
thomson,boyd,constructor
thomson,sutton,constructor
thomson,keller,constructor
thomson,cheesbourg,constructor
thomson,magill,constructor
thomson,garrett,constructor
thomson,connor,constructor
thomson,jerry_unser,constructor
johnson,veith,constructor
johnson,christie,constructor
johnson,templeman,constructor
johnson,boyd,constructor
johnson,sutton,constructor
johnson,keller,constructor
johnson,cheesbourg,constructor
johnson,magill,constructor
johnson,garrett,constructor
johnson,connor,constructor
johnson,jerry_unser,constructor
veith,templeman,constructor
veith,sutton,constructor
veith,cheesbourg,constructor
veith,magill,constructor
veith,garrett,constructor
veith,jerry_unser,constructor
christie,templeman,constructor
christie,sutton,constructor
christie,cheesbourg,constructor
christie,magill,constructor
christie,garrett,constructor
christie,jerry_unser,constructor
templeman,boyd,constructor
templeman,sutton,constructor
templeman,paul_russo,constructor
templeman,keller,constructor
templeman,cheesbourg,constructor
templeman,magill,constructor
templeman,parsons,constructor
templeman,garrett,constructor
templeman,connor,constructor
templeman,jerry_unser,constructor
boyd,sutton,constructor
boyd,cheesbourg,constructor
boyd,magill,constructor
boyd,garrett,constructor
boyd,jerry_unser,constructor
sutton,paul_russo,constructor
sutton,keller,constructor
sutton,cheesbourg,constructor
sutton,magill,constructor
sutton,parsons,constructor
sutton,garrett,constructor
sutton,connor,constructor
sutton,jerry_unser,constructor
paul_russo,cheesbourg,constructor
paul_russo,magill,constructor
paul_russo,garrett,constructor
paul_russo,jerry_unser,constructor
keller,cheesbourg,constructor
keller,magill,constructor
keller,garrett,constructor
keller,jerry_unser,constructor
cheesbourg,magill,constructor
cheesbourg,parsons,constructor
cheesbourg,garrett,constructor
cheesbourg,connor,constructor
cheesbourg,jerry_unser,constructor
magill,parsons,constructor
magill,garrett,constructor
magill,connor,constructor
magill,jerry_unser,constructor
parsons,garrett,constructor
parsons,jerry_unser,constructor
garrett,connor,constructor
garrett,jerry_unser,constructor
connor,jerry_unser,constructor
thomson,sachs,constructor
thomson,weyant,constructor
bryan,sachs,constructor
bryan,weyant,constructor
sachs,weyant,constructor
thomson,sweikert,constructor
johnson,bryan,constructor
johnson,sweikert,constructor
hartley,garrett,constructor
bryan,garrett,constructor
garrett,sweikert,constructor
johnson,amick,constructor
johnson,grim,constructor
johnson,freeland,constructor
johnson,mcwithey,constructor
johnson,arnold,constructor
johnson,weyant,constructor
johnson,larson,constructor
christie,amick,constructor
christie,darter,constructor
christie,grim,constructor
christie,freeland,constructor
christie,mcwithey,constructor
christie,arnold,constructor
christie,weyant,constructor
christie,larson,constructor
amick,darter,constructor
amick,grim,constructor
amick,freeland,constructor
amick,mcwithey,constructor
amick,paul_russo,constructor
amick,daywalt,constructor
amick,arnold,constructor
amick,weyant,constructor
amick,larson,constructor
darter,grim,constructor
darter,freeland,constructor
darter,mcwithey,constructor
darter,arnold,constructor
darter,weyant,constructor
darter,larson,constructor
grim,freeland,constructor
grim,mcwithey,constructor
grim,paul_russo,constructor
grim,daywalt,constructor
grim,arnold,constructor
grim,weyant,constructor
grim,larson,constructor
freeland,mcwithey,constructor
freeland,paul_russo,constructor
freeland,daywalt,constructor
freeland,arnold,constructor
freeland,weyant,constructor
freeland,larson,constructor
mcwithey,paul_russo,constructor
mcwithey,daywalt,constructor
mcwithey,arnold,constructor
mcwithey,weyant,constructor
mcwithey,larson,constructor
paul_russo,arnold,constructor
paul_russo,weyant,constructor
paul_russo,larson,constructor
daywalt,arnold,constructor
daywalt,weyant,constructor
daywalt,larson,constructor
arnold,weyant,constructor
arnold,larson,constructor
weyant,larson,constructor
johnson,bettenhausen,constructor
johnson,russo,constructor
johnson,turner,constructor
johnson,reece,constructor
johnson,tolan,constructor
johnson,elisian,constructor
johnson,edmunds,constructor
johnson,george,constructor
christie,reece,constructor
christie,teague,constructor
christie,edmunds,constructor
christie,george,constructor
freeland,bettenhausen,constructor
freeland,russo,constructor
freeland,boyd,constructor
freeland,keller,constructor
freeland,cheesbourg,constructor
freeland,turner,constructor
freeland,magill,constructor
freeland,reece,constructor
freeland,parsons,constructor
freeland,tolan,constructor
freeland,elisian,constructor
freeland,connor,constructor
freeland,linden,constructor
freeland,teague,constructor
freeland,edmunds,constructor
freeland,agabashian,constructor
freeland,george,constructor
bettenhausen,cheesbourg,constructor
bettenhausen,magill,constructor
bettenhausen,reece,constructor
bettenhausen,edmunds,constructor
bettenhausen,george,constructor
russo,cheesbourg,constructor
russo,magill,constructor
russo,reece,constructor
russo,teague,constructor
russo,edmunds,constructor
russo,george,constructor
boyd,reece,constructor
boyd,teague,constructor
boyd,edmunds,constructor
boyd,george,constructor
paul_russo,reece,constructor
paul_russo,edmunds,constructor
paul_russo,george,constructor
daywalt,cheesbourg,constructor
daywalt,magill,constructor
daywalt,reece,constructor
daywalt,edmunds,constructor
daywalt,george,constructor
keller,reece,constructor
keller,teague,constructor
keller,edmunds,constructor
keller,george,constructor
cheesbourg,turner,constructor
cheesbourg,reece,constructor
cheesbourg,tolan,constructor
cheesbourg,elisian,constructor
cheesbourg,linden,constructor
cheesbourg,teague,constructor
cheesbourg,edmunds,constructor
cheesbourg,agabashian,constructor
cheesbourg,george,constructor
turner,magill,constructor
turner,reece,constructor
turner,teague,constructor
turner,edmunds,constructor
turner,george,constructor
magill,reece,constructor
magill,tolan,constructor
magill,elisian,constructor
magill,linden,constructor
magill,teague,constructor
magill,edmunds,constructor
magill,agabashian,constructor
magill,george,constructor
reece,tolan,constructor
reece,elisian,constructor
reece,connor,constructor
reece,teague,constructor
reece,edmunds,constructor
reece,george,constructor
parsons,edmunds,constructor
parsons,george,constructor
tolan,teague,constructor
tolan,edmunds,constructor
tolan,george,constructor
elisian,teague,constructor
elisian,edmunds,constructor
elisian,george,constructor
connor,edmunds,constructor
connor,george,constructor
linden,edmunds,constructor
linden,george,constructor
teague,edmunds,constructor
teague,george,constructor
edmunds,agabashian,constructor
edmunds,george,constructor
agabashian,george,constructor
darter,ayulo,constructor
darter,banks,constructor
ayulo,banks,constructor
darter,rose,constructor
darter,hellings,constructor
bettenhausen,rose,constructor
bettenhausen,hellings,constructor
rose,hellings,constructor
homeier,boyd,constructor
homeier,herman,constructor
homeier,keller,constructor
homeier,ray_crawford,constructor
homeier,weyant,constructor
homeier,elisian,constructor
homeier,faulkner,constructor
homeier,niday,constructor
bettenhausen,weyant,constructor
bettenhausen,faulkner,constructor
bettenhausen,niday,constructor
boyd,flaherty,constructor
boyd,weyant,constructor
boyd,sweikert,constructor
boyd,davies,constructor
boyd,faulkner,constructor
boyd,niday,constructor
boyd,cross,constructor
boyd,vukovich,constructor
boyd,mcgrath,constructor
herman,flaherty,constructor
herman,weyant,constructor
herman,sweikert,constructor
herman,davies,constructor
herman,faulkner,constructor
herman,niday,constructor
herman,cross,constructor
herman,vukovich,constructor
herman,mcgrath,constructor
keller,flaherty,constructor
keller,weyant,constructor
keller,sweikert,constructor
keller,davies,constructor
keller,faulkner,constructor
keller,niday,constructor
keller,cross,constructor
keller,vukovich,constructor
keller,mcgrath,constructor
flaherty,ray_crawford,constructor
flaherty,weyant,constructor
flaherty,elisian,constructor
flaherty,faulkner,constructor
flaherty,niday,constructor
ray_crawford,weyant,constructor
ray_crawford,sweikert,constructor
ray_crawford,davies,constructor
ray_crawford,faulkner,constructor
ray_crawford,niday,constructor
ray_crawford,cross,constructor
ray_crawford,vukovich,constructor
ray_crawford,mcgrath,constructor
weyant,parsons,constructor
weyant,elisian,constructor
weyant,connor,constructor
weyant,hanks,constructor
weyant,linden,constructor
weyant,agabashian,constructor
weyant,sweikert,constructor
weyant,davies,constructor
weyant,faulkner,constructor
weyant,niday,constructor
weyant,cross,constructor
weyant,vukovich,constructor
weyant,mcgrath,constructor
elisian,sweikert,constructor
elisian,davies,constructor
elisian,faulkner,constructor
elisian,niday,constructor
elisian,cross,constructor
elisian,vukovich,constructor
elisian,mcgrath,constructor
connor,faulkner,constructor
connor,niday,constructor
sweikert,faulkner,constructor
sweikert,niday,constructor
hartley,sachs,constructor
hartley,foyt,constructor
hartley,keller,constructor
hartley,cheesbourg,constructor
sachs,foyt,constructor
sachs,keller,constructor
sachs,cheesbourg,constructor
foyt,keller,constructor
foyt,cheesbourg,constructor
hartley,ayulo,constructor
stevenson,bettenhausen,constructor
stevenson,flaherty,constructor
stevenson,ayulo,constructor
bettenhausen,ayulo,constructor
flaherty,ayulo,constructor
sweikert,ayulo,constructor
bryan,faulkner,constructor
bryan,ayulo,constructor
faulkner,ayulo,constructor
ruttman,force,constructor
ruttman,griffith,constructor
ruttman,ayulo,constructor
ruttman,nalon,constructor
ruttman,scarborough,constructor
ruttman,schindler,constructor
ruttman,miller,constructor
ruttman,wallard,constructor
ruttman,forberg,constructor
ruttman,green,constructor
ruttman,walt_brown,constructor
force,parsons,constructor
force,hanks,constructor
force,agabashian,constructor
force,griffith,constructor
force,mcgrath,constructor
force,nazaruk,constructor
force,ayulo,constructor
force,nalon,constructor
force,scarborough,constructor
force,schindler,constructor
force,miller,constructor
force,wallard,constructor
force,forberg,constructor
force,green,constructor
force,walt_brown,constructor
parsons,ayulo,constructor
parsons,schindler,constructor
parsons,wallard,constructor
parsons,forberg,constructor
parsons,green,constructor
parsons,walt_brown,constructor
hanks,ayulo,constructor
hanks,schindler,constructor
hanks,wallard,constructor
hanks,forberg,constructor
hanks,green,constructor
hanks,walt_brown,constructor
agabashian,ayulo,constructor
agabashian,schindler,constructor
agabashian,wallard,constructor
agabashian,forberg,constructor
agabashian,green,constructor
agabashian,walt_brown,constructor
griffith,nazaruk,constructor
griffith,ayulo,constructor
griffith,scarborough,constructor
griffith,schindler,constructor
griffith,wallard,constructor
griffith,forberg,constructor
griffith,green,constructor
griffith,walt_brown,constructor
mcgrath,ayulo,constructor
mcgrath,schindler,constructor
mcgrath,wallard,constructor
mcgrath,forberg,constructor
mcgrath,green,constructor
mcgrath,walt_brown,constructor
nazaruk,ayulo,constructor
nazaruk,nalon,constructor
nazaruk,scarborough,constructor
nazaruk,schindler,constructor
nazaruk,miller,constructor
nazaruk,wallard,constructor
nazaruk,forberg,constructor
nazaruk,green,constructor
nazaruk,walt_brown,constructor
ayulo,nalon,constructor
ayulo,scarborough,constructor
ayulo,schindler,constructor
ayulo,miller,constructor
ayulo,wallard,constructor
ayulo,forberg,constructor
ayulo,green,constructor
ayulo,walt_brown,constructor
nalon,schindler,constructor
nalon,wallard,constructor
nalon,forberg,constructor
nalon,green,constructor
nalon,walt_brown,constructor
scarborough,schindler,constructor
scarborough,miller,constructor
scarborough,wallard,constructor
scarborough,forberg,constructor
scarborough,green,constructor
scarborough,walt_brown,constructor
schindler,miller,constructor
schindler,wallard,constructor
schindler,forberg,constructor
schindler,green,constructor
schindler,walt_brown,constructor
miller,wallard,constructor
miller,forberg,constructor
miller,green,constructor
miller,walt_brown,constructor
wallard,forberg,constructor
wallard,green,constructor
wallard,walt_brown,constructor
forberg,green,constructor
forberg,walt_brown,constructor
green,walt_brown,constructor
ruttman,george_connor,constructor
sachs,dempsey_wilson,constructor
sachs,tolan,constructor
sachs,bisch,constructor
foyt,dempsey_wilson,constructor
foyt,tolan,constructor
foyt,bisch,constructor
dempsey_wilson,tolan,constructor
dempsey_wilson,bisch,constructor
tolan,bisch,constructor
bettenhausen,holland,constructor
holland,rose,constructor
bettenhausen,mcdowell,constructor
bettenhausen,green,constructor
bettenhausen,walt_brown,constructor
bettenhausen,chitwood,constructor
flaherty,dinsmore,constructor
flaherty,mcdowell,constructor
flaherty,green,constructor
flaherty,walt_brown,constructor
flaherty,hellings,constructor
flaherty,chitwood,constructor
parsons,hellings,constructor
parsons,chitwood,constructor
hanks,hellings,constructor
hanks,chitwood,constructor
agabashian,hellings,constructor
agabashian,chitwood,constructor
dinsmore,mcdowell,constructor
dinsmore,green,constructor
dinsmore,walt_brown,constructor
dinsmore,hellings,constructor
dinsmore,chitwood,constructor
dinsmore,jackson,constructor
faulkner,mcdowell,constructor
faulkner,green,constructor
faulkner,walt_brown,constructor
faulkner,hellings,constructor
faulkner,chitwood,constructor
faulkner,jackson,constructor
mcgrath,hellings,constructor
mcgrath,chitwood,constructor
hoyt,mcdowell,constructor
hoyt,green,constructor
hoyt,walt_brown,constructor
hoyt,hellings,constructor
hoyt,chitwood,constructor
mcdowell,green,constructor
mcdowell,walt_brown,constructor
mcdowell,hellings,constructor
mcdowell,chitwood,constructor
mcdowell,jackson,constructor
green,hellings,constructor
green,chitwood,constructor
green,jackson,constructor
walt_brown,hellings,constructor
walt_brown,chitwood,constructor
walt_brown,jackson,constructor
hellings,chitwood,constructor
hellings,jackson,constructor
chitwood,jackson,constructor
dick_rathmann,larson,constructor
dick_rathmann,reece,constructor
larson,reece,constructor
larson,elisian,constructor
flockhart,mackay-fraser,constructor
cabianca,piotti,constructor
gould,peter_walker,constructor
behra,peter_walker,constructor
musso,peter_walker,constructor
rosier,peter_walker,constructor
mieres,peter_walker,constructor
gould,gerard,constructor
gould,whitehead,constructor
gould,brandon,constructor
gould,alan_brown,constructor
gould,nuckey,constructor
gerard,whitehead,constructor
gerard,brandon,constructor
gerard,alan_brown,constructor
gerard,nuckey,constructor
whitehead,brandon,constructor
whitehead,alan_brown,constructor
whitehead,nuckey,constructor
brandon,alan_brown,constructor
brandon,nuckey,constructor
bueb,lewis-evans,constructor
perdisa,mieres,constructor
perdisa,macklin,constructor
rosier,macklin,constructor
behra,claes,constructor
musso,claes,constructor
perdisa,claes,constructor
mieres,claes,constructor
behra,bayol,constructor
behra,loyer,constructor
bayol,loyer,constructor
behra,pollet,constructor
behra,georges_berger,constructor
frere,pollet,constructor
frere,georges_berger,constructor
pollet,georges_berger,constructor
bucci,wacker,constructor
manzon,claes,constructor
behra,bira,constructor
musso,landi,constructor
musso,bonetto,constructor
fangio,landi,constructor
landi,mantovani,constructor
landi,bira,constructor
landi,marimon,constructor
mantovani,bonetto,constructor
bira,bonetto,constructor
rosier,ascari,constructor
hawthorn,adolff,constructor
rosier,swaters,constructor
rosier,adolff,constructor
villoresi,swaters,constructor
villoresi,adolff,constructor
farina,adolff,constructor
ascari,swaters,constructor
ascari,adolff,constructor
swaters,adolff,constructor
hawthorn,terra,constructor
hawthorn,hirt,constructor
rosier,terra,constructor
rosier,hirt,constructor
villoresi,terra,constructor
villoresi,hirt,constructor
farina,terra,constructor
ascari,terra,constructor
swaters,terra,constructor
swaters,hirt,constructor
terra,hirt,constructor
hawthorn,carini,constructor
maglioli,carini,constructor
rosier,carini,constructor
villoresi,carini,constructor
farina,carini,constructor
ascari,carini,constructor
hawthorn,brandon,constructor
hawthorn,alan_brown,constructor
hawthorn,murray,constructor
reg_parnell,brandon,constructor
reg_parnell,alan_brown,constructor
reg_parnell,murray,constructor
brandon,murray,constructor
alan_brown,murray,constructor
hawthorn,wharton,constructor
wharton,brandon,constructor
landi,lang,constructor
graffenried,lang,constructor
marimon,lang,constructor
lang,bonetto,constructor
fangio,farina,constructor
fangio,sanesi,constructor
graffenried,farina,constructor
graffenried,sanesi,constructor
farina,sanesi,constructor
fangio,fagioli,constructor
farina,fagioli,constructor
sanesi,fagioli,constructor
farina,bonetto,constructor
bonetto,sanesi,constructor
fangio,pietsch,constructor
farina,pietsch,constructor
bonetto,pietsch,constructor
fangio,reg_parnell,constructor
farina,reg_parnell,constructor
reg_parnell,fagioli,constructor
taruffi,sanesi,constructor
taruffi,fagioli,constructor
godia,jover,constructor
bira,jover,constructor
frere,macklin,constructor
collins,cabantous,constructor
macklin,cabantous,constructor
collins,laurent,constructor
collins,gaze,constructor
frere,laurent,constructor
frere,gaze,constructor
macklin,laurent,constructor
macklin,gaze,constructor
laurent,gaze,constructor
duncan_hamilton,gaze,constructor
kessler,emery,constructor
kessler,ecclestone,constructor
emery,ecclestone,constructor
chiron,castellotti,constructor
chiron,villoresi,constructor
chiron,ascari,constructor
castellotti,ascari,constructor
chiron,bayol,constructor
chiron,guy_mairesse,constructor
chiron,chaboud,constructor
rosier,chaboud,constructor
claes,chaboud,constructor
cabantous,chaboud,constructor
etancelin,chaboud,constructor
guy_mairesse,chaboud,constructor
chiron,duncan_hamilton,constructor
rosier,duncan_hamilton,constructor
claes,duncan_hamilton,constructor
chiron,swaters,constructor
claes,swaters,constructor
swaters,cabantous,constructor
swaters,duncan_hamilton,constructor
swaters,etancelin,constructor
swaters,levegh,constructor
cabantous,duncan_hamilton,constructor
duncan_hamilton,etancelin,constructor
duncan_hamilton,levegh,constructor
chiron,grignard,constructor
rosier,grignard,constructor
claes,grignard,constructor
cabantous,grignard,constructor
etancelin,grignard,constructor
chiron,murray,constructor
chiron,shawe_taylor,constructor
chiron,fry,constructor
graffenried,murray,constructor
graffenried,shawe_taylor,constructor
graffenried,hampshire,constructor
graffenried,fry,constructor
bira,murray,constructor
bira,shawe_taylor,constructor
bira,hampshire,constructor
bira,fry,constructor
murray,shawe_taylor,constructor
murray,hampshire,constructor
murray,fry,constructor
shawe_taylor,hampshire,constructor
shawe_taylor,fry,constructor
hampshire,fry,constructor
chiron,branca,constructor
chiron,pagani,constructor
graffenried,branca,constructor
graffenried,pagani,constructor
bira,branca,constructor
bira,pagani,constructor
bonetto,branca,constructor
bonetto,pagani,constructor
branca,pagani,constructor
chiron,comotti,constructor
chiron,pietsch,constructor
graffenried,comotti,constructor
graffenried,pietsch,constructor
bira,comotti,constructor
bira,pietsch,constructor
comotti,murray,constructor
comotti,pietsch,constructor
comotti,rol,constructor
murray,pietsch,constructor
murray,rol,constructor
pietsch,rol,constructor
elisian,bob_scott,constructor
simon,taruffi,constructor
simon,farina,constructor
simon,hirt,constructor
simon,fischer,constructor
rosier,fischer,constructor
simon,ascari,constructor
simon,whitehead,constructor
simon,hans_stuck,constructor
simon,tornaco,constructor
rosier,whitehead,constructor
rosier,hans_stuck,constructor
rosier,tornaco,constructor
villoresi,hans_stuck,constructor
villoresi,tornaco,constructor
taruffi,hans_stuck,constructor
taruffi,tornaco,constructor
farina,hans_stuck,constructor
farina,tornaco,constructor
ascari,hans_stuck,constructor
ascari,tornaco,constructor
whitehead,hans_stuck,constructor
whitehead,tornaco,constructor
hans_stuck,fischer,constructor
hans_stuck,tornaco,constructor
fischer,tornaco,constructor
linden,duncan,constructor
duncan,bob_scott,constructor
duncan,fonder,constructor
bob_scott,fonder,constructor
gerard,shawe_taylor,constructor
gerard,peter_walker,constructor
gerard,rolt,constructor
gerard,harrison,constructor
gerard,leslie_johnson,constructor
peter_walker,harrison,constructor
peter_walker,leslie_johnson,constructor
rolt,harrison,constructor
rolt,leslie_johnson,constructor
harrison,leslie_johnson,constructor
landi,flinterman,constructor
bianco,flinterman,constructor
ramos,pollet,constructor
manzon,pollet,constructor
ramos,sparken,constructor
manzon,sparken,constructor
ramos,lucas,constructor
pollet,lucas,constructor
bayol,iglesias,constructor
bayol,birger,constructor
iglesias,birger,constructor
bayol,pollet,constructor
rosier,comotti,constructor
taruffi,carini,constructor
taruffi,comotti,constructor
farina,comotti,constructor
ascari,comotti,constructor
hirt,carini,constructor
hirt,comotti,constructor
carini,fischer,constructor
carini,comotti,constructor
fischer,comotti,constructor
rosier,sommer,constructor
claes,sommer,constructor
cabantous,sommer,constructor
etancelin,sommer,constructor
levegh,chaboud,constructor
levegh,sommer,constructor
chaboud,sommer,constructor
rosier,pozzi,constructor
claes,pozzi,constructor
cabantous,pozzi,constructor
etancelin,pozzi,constructor
levegh,pozzi,constructor
chaboud,pozzi,constructor
sommer,pozzi,constructor
guy_mairesse,levegh,constructor
guy_mairesse,sommer,constructor
louveau,levegh,constructor
louveau,sommer,constructor
dinsmore,ball,constructor
frere,scherrer,constructor
macklin,scherrer,constructor
frere,claes,constructor
claes,gaze,constructor
villoresi,sommer,constructor
ascari,sommer,constructor
whitehead,sommer,constructor
taruffi,laurent,constructor
taruffi,schoeller,constructor
farina,laurent,constructor
farina,schoeller,constructor
ascari,laurent,constructor
ascari,schoeller,constructor
carini,laurent,constructor
carini,schoeller,constructor
fischer,laurent,constructor
fischer,schoeller,constructor
laurent,schoeller,constructor
ascari,biondetti,constructor
ascari,serafini,constructor
whitehead,biondetti,constructor
whitehead,serafini,constructor
biondetti,serafini,constructor
macklin,fitch,constructor
fitch,cabantous,constructor
macklin,lof,constructor
duncan_hamilton,lof,constructor
peter_walker,reg_parnell,constructor
wharton,whitehead,constructor
wharton,crook,constructor
wharton,jimmy_stewart,constructor
whitehead,crook,constructor
whitehead,jimmy_stewart,constructor
alan_brown,crook,constructor
alan_brown,jimmy_stewart,constructor
crook,jimmy_stewart,constructor
mcalpine,thompson,constructor
mcalpine,downing,constructor
poore,thompson,constructor
poore,downing,constructor
thompson,downing,constructor
marr,beauman,constructor
marr,thorne,constructor
marr,whitehouse,constructor
marr,riseley_prichard,constructor
beauman,thorne,constructor
beauman,whitehouse,constructor
beauman,riseley_prichard,constructor
thorne,whitehouse,constructor
thorne,riseley_prichard,constructor
whitehouse,riseley_prichard,constructor
bira,terra,constructor
bira,obrien,constructor
webb,kladis,constructor
webb,banks,constructor
reg_parnell,richardson,constructor
alan_brown,john_barber,constructor
alan_brown,cruz,constructor
john_barber,cruz,constructor
helfrich,ulmen,constructor
helfrich,brudes,constructor
helfrich,riess,constructor
helfrich,klenk,constructor
helfrich,pietsch,constructor
helfrich,peters,constructor
ulmen,brudes,constructor
ulmen,riess,constructor
ulmen,klenk,constructor
ulmen,pietsch,constructor
ulmen,peters,constructor
brudes,riess,constructor
brudes,klenk,constructor
brudes,pietsch,constructor
brudes,peters,constructor
riess,klenk,constructor
riess,pietsch,constructor
riess,peters,constructor
klenk,pietsch,constructor
klenk,peters,constructor
pietsch,peters,constructor
klodwig,krause,constructor
klodwig,bechem,constructor
klodwig,balsa,constructor
krause,bechem,constructor
krause,balsa,constructor
bechem,balsa,constructor
heeks,niedermayr,constructor
fitzau,bechem,constructor
fitzau,hans_stuck,constructor
bechem,hans_stuck,constructor
schindler,ball,constructor
murray,parker,constructor
murray,john_james,constructor
parker,john_james,constructor
kelly,crossley,constructor
levrett,cantrell,constructor
